"ID","TIME","ANGLE","CAMERA","IS_REVIEWED","IS_REVIEWED_POSITIVE_SIGHTING","POSITIVE_PROCESED","IS_FLAGGED","IS_TRUCK","LICENCE_PLATE","FLASH_CONFIDENCE","NON_FLASH_CONFIDENCE","VEHICLE_TYPE_REVIEW","SIGHTING_CLASS","PROCESSED_BY","PROCESSED_ON","REVIEWED_BY","REVIEWED_ON"
"000001c7-1e61-4ea5-98db-6597bf920d58","Friday, October 19, 2018 9:07 PM","CLOSE","CLOSE-4K",,,false,false,,,,,,,"jaycorichter@gmail.com","Monday, October 22, 2018 11:12 AM",,""
"000186a1-dd58-4630-817b-6305e2078762","Thursday, October 18, 2018 5:17 PM","UPROAD","UPROAD-4K",,,false,false,,,,,,,"jaycorichter@gmail.com","Sunday, October 21, 2018 10:42 PM",,""
"0001f80b-4d75-4f62-b849-865b3a39fc53","Thursday, October 18, 2018 10:41 AM","UPROAD","UPROAD-4K",,,false,false,,,,,,,"cam@onetask.com.au","Saturday, October 20, 2018 8:23 PM",,""
"000570b7-c922-4086-a9d4-044ab20f9780","Thursday, October 18, 2018 8:31 AM","CLOSE","CLOSE-4K",,,false,false,,,,,,,"cam@onetask.com.au","Saturday, October 20, 2018 12:48 PM",,""
"000680f7-7ab7-40c4-8491-f32cf52bbd91","Tuesday, October 16, 2018 2:56 PM","UPROAD","UPROAD-4K",,,false,,,,,,,,"cam@onetask.com.au","Thursday, October 18, 2018 12:56 AM",,""
"00075587-6dc0-4438-9325-83c0643d4bb2","Thursday, October 18, 2018 7:39 PM","UPROAD","UPROAD-4K",,,false,false,,,,,,,"jaycorichter@gmail.com","Sunday, October 21, 2018 11:09 PM",,""
"000866bd-a9db-4a58-8b6d-c83778f246cf","Tuesday, October 16, 2018 7:12 AM","UPROAD","UPROAD-4K",,,false,,,,,,,,"alex@onetask.com.au","Wednesday, October 17, 2018 3:06 PM",,""
"000a1552-d33c-42de-8456-e42a612ad79e","Friday, October 19, 2018 1:03 PM","UPROAD","UPROAD-4K",,,false,false,,,,,,,"jaycorichter@gmail.com","Sunday, October 21, 2018 11:46 PM",,""
"000b67d4-c540-4844-b8f3-4bb82a7c3aba","Tuesday, October 16, 2018 4:58 PM","CLOSE","CLOSE-4K",,,false,,,,,,,,"cam@onetask.com.au","Wednesday, October 17, 2018 9:49 PM",,""
"000be089-b42d-4607-ada0-3f2626c54851","Thursday, October 18, 2018 7:58 AM","UPROAD","UPROAD-4K",,,false,false,,,,,,,"cam@onetask.com.au","Saturday, October 20, 2018 7:28 PM",,""
"000d01ee-f552-44fb-8618-bfba18df0bed","Tuesday, October 16, 2018 6:21 AM","UPROAD","UPROAD-4K",,,false,,,,,,,,"alex@onetask.com.au","Wednesday, October 17, 2018 2:20 PM",,""
"000e6d0e-3840-4cff-bdae-ff0238111e2a","Friday, October 19, 2018 10:43 PM","UPROAD","UPROAD-4K",,,false,false,,,,,,,"jaycorichter@gmail.com","Monday, October 22, 2018 12:40 PM",,""
"00114889-813d-447f-a0ca-98ca5c873b32","Thursday, October 18, 2018 10:14 PM","UPROAD","UPROAD-4K",,,false,true,,,,,,,"jaycorichter@gmail.com","Sunday, October 21, 2018 11:17 PM",,""
"00116048-525d-4db7-a163-9576730c6f7c","Wednesday, October 17, 2018 11:10 AM","UPROAD","UPROAD-4K",,,false,false,,,,,,,"cam@onetask.com.au","Friday, October 19, 2018 4:48 PM",,""
"0011b87f-a7a9-4781-bc48-92d71750815b","Thursday, October 18, 2018 9:04 AM","UPROAD","UPROAD-4K",,,false,false,,,,,,,"cam@onetask.com.au","Saturday, October 20, 2018 7:52 PM",,""
"0011d008-a2aa-4a47-9f66-163818c357f9","Thursday, October 18, 2018 6:02 PM","UPROAD","UPROAD-4K",,,false,false,,,,,,,"jaycorichter@gmail.com","Sunday, October 21, 2018 10:47 PM",,""
"001383c1-36da-49c6-aaf2-07290bee4556","Wednesday, October 17, 2018 3:50 PM","UPROAD","UPROAD-4K",,,false,true,,,,,,,"cam@onetask.com.au","Friday, October 19, 2018 5:39 PM",,""
"00139380-13b6-4e4e-903e-ad07b23a1320","Tuesday, October 16, 2018 5:47 PM","UPROAD","UPROAD-4K",,,false,,,,,,,,"cam@onetask.com.au","Wednesday, October 17, 2018 10:32 PM",,""
"00151346-591c-486e-a562-99f2bd8967f6","Thursday, October 18, 2018 7:34 AM","UPROAD","UPROAD-4K",,,false,false,,,,,,,"cam@onetask.com.au","Saturday, October 20, 2018 5:29 PM",,""
"001565eb-c498-4c7e-abfd-1d0b5bf34c7b","Tuesday, October 16, 2018 11:31 AM","UPROAD","UPROAD-4K",,,false,,,,,,,,"alex@onetask.com.au","Wednesday, October 17, 2018 10:05 PM",,""
"0015a5d5-f906-41e3-84c8-3033a3b3e7b2","Thursday, October 18, 2018 10:35 AM","CLOSE","CLOSE-4K",,,false,false,,,,,,,"cam@onetask.com.au","Saturday, October 20, 2018 1:20 PM",,""
"0015aec0-10a2-4498-8a6f-c2470c6be2e4","Wednesday, October 17, 2018 3:27 PM","CLOSE","CLOSE-4K",,,false,false,,,,,,,"cam@onetask.com.au","Friday, October 19, 2018 8:30 AM",,""
"00174032-d8f4-458e-bda6-675f9da18b5b","Tuesday, October 16, 2018 4:43 AM","CLOSE","CLOSE-4K",,,false,,,,,,,,"cam@onetask.com.au","Wednesday, October 17, 2018 1:21 PM",,""
"0017b6c9-40d2-4966-ae4f-1f2b4672d0d2","Friday, October 19, 2018 11:28 PM","CLOSE","CLOSE-4K",,,false,false,,,,,,,"jaycorichter@gmail.com","Monday, October 22, 2018 11:32 AM",,""
"0018f6ef-48bd-4393-bb86-55cf761c0041","Tuesday, October 16, 2018 5:47 PM","UPROAD","UPROAD-4K",,,false,,,,,,,,"cam@onetask.com.au","Wednesday, October 17, 2018 10:33 PM",,""
"001905d7-2cdf-4426-87d7-a9bd7b6da202","Thursday, October 18, 2018 5:18 AM","UPROAD","UPROAD-4K",,,false,false,,,,,,,"cam@onetask.com.au","Saturday, October 20, 2018 4:04 PM",,""
"00198dcf-2db3-4580-a38b-cfef6ce2b019","Wednesday, October 17, 2018 11:49 AM","CLOSE","CLOSE-4K",,,false,false,,,,,,,"cam@onetask.com.au","Friday, October 19, 2018 7:59 AM",,""
"001a8847-100a-4019-af27-df65138d2946","Tuesday, October 16, 2018 11:23 AM","CLOSE","CLOSE-4K",,,false,,,,,,,,"cam@onetask.com.au","Wednesday, October 17, 2018 3:02 PM",,""
"001ae36c-f95a-464f-bd76-3e0de8df54d8","Wednesday, October 17, 2018 11:37 AM","UPROAD","UPROAD-4K",,,false,false,,,,,,,"cam@onetask.com.au","Friday, October 19, 2018 4:57 PM",,""
"001b1671-f960-4470-a507-92a374d39c32","Tuesday, October 16, 2018 7:36 AM","UPROAD","UPROAD-4K",,,false,,,,,,,,"alex@onetask.com.au","Wednesday, October 17, 2018 2:53 PM",,""
"001d6313-3eb9-4d14-af6e-958e8a55d0f7","Thursday, October 18, 2018 8:01 PM","CLOSE","CLOSE-4K",,,false,true,,,,,,,"cam@onetask.com.au","Saturday, October 20, 2018 3:23 PM",,""
"001e05c1-d338-4c4f-848d-8a522c929df5","Thursday, October 18, 2018 5:40 AM","UPROAD","UPROAD-4K",,,false,false,,,,,,,"cam@onetask.com.au","Saturday, October 20, 2018 4:07 PM",,""
"001eb0bc-59e7-475a-b00d-6c28bd222065","Tuesday, October 16, 2018 3:08 PM","CLOSE","CLOSE-4K",,,false,,,,,,,,"cam@onetask.com.au","Wednesday, October 17, 2018 8:52 PM",,""
"00212d63-c98e-46b3-8e7f-8b13af5eb6ce","Thursday, October 18, 2018 6:16 PM","CLOSE","CLOSE-4K",,,false,true,,,,,,,"cam@onetask.com.au","Saturday, October 20, 2018 3:00 PM",,""
"0021871d-8be1-4ce9-a9ab-af95c9374472","Thursday, October 18, 2018 4:47 PM","CLOSE","CLOSE-4K",,,false,false,,,,,,,"cam@onetask.com.au","Saturday, October 20, 2018 2:44 PM",,""
"0023c4b2-0d19-481a-a12f-5035203e093f","Tuesday, October 16, 2018 11:30 AM","UPROAD","UPROAD-4K",,,false,,,,,,,,"alex@onetask.com.au","Wednesday, October 17, 2018 10:05 PM",,""
"002449f2-bb0f-45e6-9156-5e109c78714b","Wednesday, October 17, 2018 6:52 PM","CLOSE","CLOSE-4K",,,false,false,,,,,,,"cam@onetask.com.au","Friday, October 19, 2018 12:56 PM",,""
"0025767b-f6f5-4d68-a94f-8b6d28e952c3","Tuesday, October 16, 2018 2:28 PM","UPROAD","UPROAD-4K",,,false,,,,,,,,"cam@onetask.com.au","Thursday, October 18, 2018 1:18 AM",,""
"002596d8-9bdf-4de0-a30a-d8e287313073","Tuesday, October 16, 2018 4:40 PM","CLOSE","CLOSE-4K",,,false,,,,,,,,"cam@onetask.com.au","Wednesday, October 17, 2018 9:35 PM",,""
"00261d74-0370-413b-a7d9-d83fa12c738a","Thursday, October 18, 2018 12:04 PM","CLOSE","CLOSE-4K",,,false,false,,,,,,,"cam@onetask.com.au","Saturday, October 20, 2018 1:48 PM",,""
"00270356-ebfe-45ae-b864-c75ffce65f46","Wednesday, October 17, 2018 6:20 PM","CLOSE","CLOSE-4K",,,false,false,,,,,,,"cam@onetask.com.au","Friday, October 19, 2018 9:19 AM",,""
"0027b084-1925-413d-994f-ed170b7a80da","Wednesday, October 17, 2018 4:44 PM","UPROAD","UPROAD-4K",,,false,false,,,,,,,"cam@onetask.com.au","Friday, October 19, 2018 5:57 PM",,""
"00290040-b847-4980-b638-8853650555c2","Wednesday, October 17, 2018 10:13 AM","UPROAD","UPROAD-4K",,,false,false,,,,,,,"cam@onetask.com.au","Friday, October 19, 2018 4:33 PM",,""
"002909e3-8223-4900-84e3-48a0c6be8841","Tuesday, October 16, 2018 5:14 AM","CLOSE","CLOSE-4K",,,false,,,,,,,,"cam@onetask.com.au","Wednesday, October 17, 2018 1:23 PM",,""
"00296dba-26b9-4359-b29f-f0a3798fca58","Tuesday, October 16, 2018 4:52 PM","CLOSE","CLOSE-4K",,,false,,,,,,,,"cam@onetask.com.au","Wednesday, October 17, 2018 9:44 PM",,""
"0029f462-18c5-4946-a8fc-185d3a7e6e40","Tuesday, October 16, 2018 4:29 PM","CLOSE","CLOSE-4K",,,false,,,,,,,,"cam@onetask.com.au","Wednesday, October 17, 2018 9:28 PM",,""
"002aa96e-3438-4263-88f5-920ceb219416","Tuesday, October 16, 2018 5:34 PM","UPROAD","UPROAD-4K",,,false,,,,,,,,"cam@onetask.com.au","Wednesday, October 17, 2018 10:49 PM",,""
"002b1512-382d-48dc-bdf3-e1e623387398","Thursday, October 18, 2018 8:41 AM","UPROAD","UPROAD-4K",,,false,false,,,,,,,"cam@onetask.com.au","Saturday, October 20, 2018 7:46 PM",,""
"002b9566-df02-4ed0-8ba3-423d750fadd7","Tuesday, October 16, 2018 5:30 PM","UPROAD","UPROAD-4K",,,false,,,,,,,,"cam@onetask.com.au","Wednesday, October 17, 2018 10:47 PM",,""
"002ba8c1-f009-42b8-8394-7ecada1a143f","Thursday, October 18, 2018 11:01 AM","UPROAD","UPROAD-4K",,,false,false,,,,,,,"cam@onetask.com.au","Saturday, October 20, 2018 8:32 PM",,""
"002da923-60a7-49e4-a29d-32cb4236d338","Tuesday, October 16, 2018 4:13 PM","CLOSE","CLOSE-4K",false,,false,false,true,,,,,,"cam@onetask.com.au","Thursday, October 18, 2018 9:33 PM",,""
"002edb7f-3291-4f00-b7a7-3452e784ccc7","Friday, October 19, 2018 11:33 AM","UPROAD","UPROAD-4K",,,false,true,,,,,,,"jaycorichter@gmail.com","Sunday, October 21, 2018 11:33 PM",,""
"0030e22b-ff21-4c8e-a0eb-444372b72bd2","Tuesday, October 16, 2018 3:33 PM","CLOSE","CLOSE-4K",,,false,,,,,,,,"cam@onetask.com.au","Wednesday, October 17, 2018 9:05 PM",,""
"0032fb99-1991-4d41-bc9d-6062bf9388a4","Wednesday, October 17, 2018 6:39 PM","UPROAD","UPROAD-4K",,,false,false,,,,,,,"cam@onetask.com.au","Friday, October 19, 2018 6:23 PM",,""
"00341b3e-4794-4ae2-a702-77a636cea649","Friday, October 19, 2018 6:01 PM","UPROAD","UPROAD-4K",,,false,false,,,,,,,"jaycorichter@gmail.com","Monday, October 22, 2018 11:52 AM",,""
"00356585-cbb2-4732-9543-28b07355af89","Thursday, October 18, 2018 7:35 PM","UPROAD","UPROAD-4K",,,false,false,,,,,,,"jaycorichter@gmail.com","Sunday, October 21, 2018 11:08 PM",,""
"00364095-faa0-4740-ab71-13bf187d33c1","Wednesday, October 17, 2018 1:14 PM","CLOSE","CLOSE-4K",,,false,false,,,,,,,"cam@onetask.com.au","Friday, October 19, 2018 8:12 AM",,""
"0037d35c-c160-4c20-904a-be10d7b96090","Thursday, October 18, 2018 5:51 AM","UPROAD","UPROAD-4K",,,false,false,,,,,,,"cam@onetask.com.au","Saturday, October 20, 2018 4:45 PM",,""
"0039b82d-3bfd-4e13-8b1f-b15f8b819c24","Thursday, October 18, 2018 6:42 AM","CLOSE","CLOSE-4K",,,false,true,,,,,,,"cam@onetask.com.au","Saturday, October 20, 2018 12:23 PM",,""
"003a41ae-269c-4b58-83f7-a48645e3075a","Tuesday, October 16, 2018 7:36 AM","UPROAD","UPROAD-4K",,,false,,,,,,,,"alex@onetask.com.au","Wednesday, October 17, 2018 2:53 PM",,""
"003aeaa1-05c1-42f5-873c-c9de74375152","Tuesday, October 16, 2018 5:08 AM","CLOSE","CLOSE-4K",,,false,,,,,,,,"cam@onetask.com.au","Wednesday, October 17, 2018 1:22 PM",,""
"003b55c0-8232-4e3f-be78-3dcece9b78f6","Friday, October 19, 2018 12:49 PM","CLOSE","CLOSE-4K",,,false,false,,,,,,,"cam@onetask.com.au","Saturday, October 20, 2018 3:39 PM",,""
"003d2f22-78d3-476f-bc95-b019bacb21b3","Tuesday, October 16, 2018 5:05 PM","CLOSE","CLOSE-4K",,,false,,,,,,,,"cam@onetask.com.au","Wednesday, October 17, 2018 10:00 PM",,""
"003dd144-7687-42cf-865a-af7c20e933bc","Tuesday, October 16, 2018 4:58 PM","CLOSE","CLOSE-4K",,,false,,,,,,,,"cam@onetask.com.au","Wednesday, October 17, 2018 9:50 PM",,""
"003e7ab3-d565-42d2-8dc7-cd7ec37d08d8","Tuesday, October 16, 2018 6:12 AM","UPROAD","UPROAD-4K",,,false,,,,,,,,"alex@onetask.com.au","Wednesday, October 17, 2018 2:19 PM",,""
"003f8946-ddc5-45c2-88f4-006424212f2c","Friday, October 19, 2018 8:21 PM","UPROAD","UPROAD-4K",,,false,false,,,,,,,"jaycorichter@gmail.com","Monday, October 22, 2018 12:17 PM",,""
"003fdb84-af0d-468a-934f-3166d74514bf","Thursday, October 18, 2018 12:01 PM","UPROAD","UPROAD-4K",,,false,false,,,,,,,"cam@onetask.com.au","Saturday, October 20, 2018 8:53 PM",,""
"003fe485-49c0-418c-917a-d3506ce0656a","Thursday, October 18, 2018 8:55 PM","UPROAD","UPROAD-4K",,,false,true,,,,,,,"jaycorichter@gmail.com","Sunday, October 21, 2018 11:13 PM",,""
"0040a77a-0a8b-449b-ad0f-b96d4fb58eee","Tuesday, October 16, 2018 7:28 AM","CLOSE","CLOSE-4K",,,false,,,,,,,,"cam@onetask.com.au","Wednesday, October 17, 2018 2:06 PM",,""
"0046791c-ba32-4cb4-ae0c-fd77019c3459","Thursday, October 18, 2018 7:44 PM","CLOSE","CLOSE-4K",,,false,true,,,,,,,"cam@onetask.com.au","Saturday, October 20, 2018 3:21 PM",,""
"0046fb76-248d-404d-bbc1-a40fec1ec3a4","Thursday, October 18, 2018 6:24 AM","UPROAD","UPROAD-4K",,,false,false,,,,,,,"cam@onetask.com.au","Saturday, October 20, 2018 4:54 PM",,""
"004bad82-67a4-4163-b1b0-1d5d8ef219b9","Friday, October 19, 2018 9:35 PM","CLOSE","CLOSE-4K",,,false,true,,,,,,,"jaycorichter@gmail.com","Monday, October 22, 2018 11:17 AM",,""
"004bf5f0-6fde-4cec-af41-7fc27c9efc57","Friday, October 19, 2018 7:39 PM","UPROAD","UPROAD-4K",,,false,false,,,,,,,"jaycorichter@gmail.com","Monday, October 22, 2018 12:08 PM",,""
"004e1b65-0016-4203-b9ce-b3d312258827","Thursday, October 18, 2018 1:11 PM","UPROAD","UPROAD-4K",,,false,true,,,,,,,"cam@onetask.com.au","Saturday, October 20, 2018 9:10 PM",,""
"004f5b84-8cb4-4007-8219-22a231d218dc","Thursday, October 18, 2018 8:22 AM","CLOSE","CLOSE-4K",,,false,false,,,,,,,"cam@onetask.com.au","Saturday, October 20, 2018 12:45 PM",,""
"00524d54-7c8e-4c29-bd0e-0cade88566dc","Thursday, October 18, 2018 10:21 AM","UPROAD","UPROAD-4K",,,false,false,,,,,,,"cam@onetask.com.au","Saturday, October 20, 2018 8:18 PM",,""
"0052b42a-8c23-439f-8353-312721363766","Tuesday, October 16, 2018 5:21 PM","CLOSE","CLOSE-4K",,,false,,,,,,,,"cam@onetask.com.au","Wednesday, October 17, 2018 10:06 PM",,""
"00532ae9-7487-4bd7-b542-3d947e04cd7a","Friday, October 19, 2018 12:31 AM","UPROAD","UPROAD-4K",,,false,true,,,,,,,"jaycorichter@gmail.com","Sunday, October 21, 2018 11:33 PM",,""
"00536c91-054c-4193-8eca-0d99076f3003","Thursday, October 18, 2018 5:51 PM","CLOSE","CLOSE-4K",,,false,true,,,,,,,"cam@onetask.com.au","Saturday, October 20, 2018 2:54 PM",,""
"0054b4eb-c9be-4cbe-bcac-72d957738439","Thursday, October 18, 2018 8:57 PM","UPROAD","UPROAD-4K",,,false,true,,,,,,,"jaycorichter@gmail.com","Sunday, October 21, 2018 11:13 PM",,""
"005515e1-1b99-4026-b097-7648922df3c9","Tuesday, October 16, 2018 12:40 PM","CLOSE","CLOSE-4K",,,false,false,,,,,,,"cam@onetask.com.au","Thursday, October 18, 2018 2:57 PM",,""
"005536a0-7dc1-45f9-9e3d-3215e80980bb","Thursday, October 18, 2018 11:15 PM","CLOSE","CLOSE-4K",,,false,true,,,,,,,"cam@onetask.com.au","Saturday, October 20, 2018 3:31 PM",,""
"00560f27-70c7-4646-aa80-6bf0ae99cf09","Thursday, October 18, 2018 3:54 PM","CLOSE","CLOSE-4K",,,false,true,,,,,,,"cam@onetask.com.au","Saturday, October 20, 2018 2:40 PM",,""
"005a3362-143e-4cf7-b822-0492380ab201","Thursday, October 18, 2018 9:37 PM","UPROAD","UPROAD-4K",,,false,true,,,,,,,"jaycorichter@gmail.com","Sunday, October 21, 2018 11:16 PM",,""
"005a6b7a-86fd-4ba3-af9c-27394cd088d1","Wednesday, October 17, 2018 3:37 PM","UPROAD","UPROAD-4K",,,false,true,,,,,,,"cam@onetask.com.au","Friday, October 19, 2018 5:37 PM",,""
"005b00c6-ee33-4a31-8462-dcb9e8dcd17b","Tuesday, October 16, 2018 1:45 PM","CLOSE","CLOSE-4K",,,false,,,,,,,,"cam@onetask.com.au","Wednesday, October 17, 2018 4:16 PM",,""
"005cc59a-119c-4ec6-8436-35c6b10276ca","Wednesday, October 17, 2018 1:01 PM","CLOSE","CLOSE-4K",,,false,false,true,,,,,,"cam@onetask.com.au","Friday, October 19, 2018 2:06 PM",,""
"005d0e08-00fc-4903-8f0f-2f2b15770ab1","Thursday, October 18, 2018 6:54 PM","UPROAD","UPROAD-4K",,,false,false,,,,,,,"jaycorichter@gmail.com","Sunday, October 21, 2018 11:00 PM",,""
"005df6cc-5bec-4ad2-9adf-355472e388c4","Thursday, October 18, 2018 6:47 PM","UPROAD","UPROAD-4K",,,false,false,,,,,,,"jaycorichter@gmail.com","Sunday, October 21, 2018 10:58 PM",,""
"005f73cb-db63-4fe6-819a-87fec2af467a","Thursday, October 18, 2018 7:04 AM","UPROAD","UPROAD-4K",,,false,false,,,,,,,"cam@onetask.com.au","Saturday, October 20, 2018 5:24 PM",,""
"005ffff8-0e68-4bf7-bfd2-2a8164aae9dd","Tuesday, October 16, 2018 2:36 PM","UPROAD","UPROAD-4K",,,false,,,,,,,,"cam@onetask.com.au","Thursday, October 18, 2018 1:11 AM",,""
"006080c7-1d0c-45d1-9eac-fb13f39b42eb","Tuesday, October 16, 2018 2:18 PM","CLOSE","CLOSE-4K",,,false,,,,,,,,"cam@onetask.com.au","Wednesday, October 17, 2018 4:23 PM",,""
"006116d5-87ed-4ea1-99f1-d8b2b0b88a89","Thursday, October 18, 2018 6:41 PM","UPROAD","UPROAD-4K",,,false,true,,,,,,,"jaycorichter@gmail.com","Sunday, October 21, 2018 10:57 PM",,""
"00633518-76b2-4a03-97b3-8a8dd539a3f2","Wednesday, October 17, 2018 5:22 PM","UPROAD","UPROAD-4K",,,false,false,,,,,,,"cam@onetask.com.au","Friday, October 19, 2018 6:05 PM",,""
"0066f730-a5f7-47a0-9bfe-67d304c354d2","Tuesday, October 16, 2018 11:51 AM","CLOSE","CLOSE-4K",,,false,,,,,,,,"cam@onetask.com.au","Wednesday, October 17, 2018 3:13 PM",,""
"00675d23-16c9-4a8a-a9ee-df529f2b4e3f","Tuesday, October 16, 2018 11:46 AM","CLOSE","CLOSE-4K",,,false,,,,,,,,"cam@onetask.com.au","Wednesday, October 17, 2018 3:12 PM",,""
"0067bfeb-cfc7-4d56-b4ac-e7777f073f4f","Tuesday, October 16, 2018 3:06 PM","CLOSE","CLOSE-4K",,,false,,,,,,,,"cam@onetask.com.au","Wednesday, October 17, 2018 8:51 PM",,""
"0068613f-01b5-4e44-bd19-1d8300f8974f","Tuesday, October 16, 2018 1:41 PM","CLOSE","CLOSE-4K",,,false,,,,,,,,"cam@onetask.com.au","Wednesday, October 17, 2018 4:15 PM",,""
"0069af64-ede1-40d7-a6ea-bfa42d04ef86","Tuesday, October 16, 2018 5:15 PM","UPROAD","UPROAD-4K",,,false,,,,,,,,"cam@onetask.com.au","Wednesday, October 17, 2018 11:01 PM",,""
"006a1afe-6412-49e0-943d-49dff807c4d5","Friday, October 19, 2018 11:47 AM","UPROAD","UPROAD-4K",,,false,false,,,,,,,"jaycorichter@gmail.com","Sunday, October 21, 2018 11:36 PM",,""
"006b003d-ca5d-49c1-a5e8-e1bdcb74b02b","Wednesday, October 17, 2018 2:58 PM","UPROAD","UPROAD-4K",,,false,false,,,,,,,"cam@onetask.com.au","Friday, October 19, 2018 5:27 PM",,""
"006b1c44-c8c1-4d06-ae4d-4d0451ca9782","Tuesday, October 16, 2018 9:23 AM","CLOSE","CLOSE-4K",,,false,,,,,,,,"cam@onetask.com.au","Wednesday, October 17, 2018 2:20 PM",,""
"006b7451-6305-4b5a-95ab-d68f65698b41","Thursday, October 18, 2018 8:26 AM","UPROAD","UPROAD-4K",,,false,false,,,,,,,"cam@onetask.com.au","Saturday, October 20, 2018 7:43 PM",,""
"006d8f76-e163-45ed-8f51-c5734fdd80ea","Tuesday, October 16, 2018 3:33 PM","UPROAD","UPROAD-4K",,,false,,,,,,,,"cam@onetask.com.au","Wednesday, October 17, 2018 11:38 PM",,""
"006e32d6-b363-48dc-a0c8-a300b61b7d1b","Friday, October 19, 2018 8:22 PM","UPROAD","UPROAD-4K",,,false,false,,,,,,,"jaycorichter@gmail.com","Monday, October 22, 2018 12:18 PM",,""
"006e8672-9145-4f2c-b05a-fec6c2f2ed8f","Thursday, October 18, 2018 11:01 AM","CLOSE","CLOSE-4K",,,false,false,,,,,,,"cam@onetask.com.au","Saturday, October 20, 2018 1:28 PM",,""
"006fac4d-0f3d-4515-b9ad-1ca599403e06","Thursday, October 18, 2018 7:02 PM","UPROAD","UPROAD-4K",,,false,false,,,,,,,"jaycorichter@gmail.com","Sunday, October 21, 2018 11:02 PM",,""
"0072252e-0852-46c4-83c2-5c7a47302896","Thursday, October 18, 2018 7:54 AM","UPROAD","UPROAD-4K",,,false,false,,,,,,,"cam@onetask.com.au","Saturday, October 20, 2018 7:27 PM",,""
"0073f1d8-b6df-47e9-99c0-4bab45092c15","Wednesday, October 17, 2018 6:32 PM","UPROAD","UPROAD-4K",,,false,false,,,,,,,"cam@onetask.com.au","Friday, October 19, 2018 6:22 PM",,""
"0073fc15-dbe0-4477-b705-156d08ecb07b","Thursday, October 18, 2018 9:12 AM","UPROAD","UPROAD-4K",,,false,false,,,,,,,"cam@onetask.com.au","Saturday, October 20, 2018 7:54 PM",,""
"00753a70-8ee0-44d5-b9ca-0c4e1261aa6a","Tuesday, October 16, 2018 7:20 AM","CLOSE","CLOSE-4K",,,false,,,,,,,,"cam@onetask.com.au","Wednesday, October 17, 2018 2:02 PM",,""
"00759e5c-88cb-4b16-8eba-b4f116f198ae","Tuesday, October 16, 2018 3:15 PM","UPROAD","UPROAD-4K",,,false,,,,,,,,"cam@onetask.com.au","Wednesday, October 17, 2018 11:53 PM",,""
"0076498e-fdac-4a66-822a-162dae288014","Thursday, October 18, 2018 5:33 PM","UPROAD","UPROAD-4K",,,false,false,,,,,,,"jaycorichter@gmail.com","Sunday, October 21, 2018 10:44 PM",,""
"007720b9-44dc-48b7-af73-82ea565e5809","Tuesday, October 16, 2018 5:21 PM","UPROAD","UPROAD-4K",,,false,,,,,,,,"cam@onetask.com.au","Wednesday, October 17, 2018 10:45 PM",,""
"00784312-64b0-4e79-be46-187aa8d39dbe","Wednesday, October 17, 2018 6:09 PM","CLOSE","CLOSE-4K",,,false,false,,,,,,,"cam@onetask.com.au","Friday, October 19, 2018 9:15 AM",,""
"00785a21-95c8-47d3-8b3d-21664fd2e929","Thursday, October 18, 2018 1:18 PM","CLOSE","CLOSE-4K",,,false,true,,,,,,,"cam@onetask.com.au","Saturday, October 20, 2018 2:09 PM",,""
"007a1038-46b9-4ba9-b013-7b4a498388e3","Tuesday, October 16, 2018 3:20 PM","CLOSE","CLOSE-4K",,,false,,,,,,,,"cam@onetask.com.au","Wednesday, October 17, 2018 8:57 PM",,""
"007beef7-9b5d-4a47-b46b-9c0330dc54f9","Saturday, October 20, 2018 12:11 AM","CLOSE","CLOSE-4K",,,false,false,,,,,,,"jaycorichter@gmail.com","Monday, October 22, 2018 11:36 AM",,""
"007d2452-a17f-4e64-915d-01021d4d6e58","Thursday, October 18, 2018 6:28 AM","CLOSE","CLOSE-4K",,,false,false,true,,,,,,"cam@onetask.com.au","Saturday, October 20, 2018 4:16 PM",,""
"007d55cc-bbe5-405b-9cc4-c994d8172f7b","Thursday, October 18, 2018 6:48 PM","UPROAD","UPROAD-4K",,,false,false,,,,,,,"jaycorichter@gmail.com","Sunday, October 21, 2018 10:58 PM",,""
"007d93b3-c953-4287-836b-56ecf7747269","Thursday, October 18, 2018 11:24 AM","UPROAD","UPROAD-4K",,,false,false,,,,,,,"cam@onetask.com.au","Saturday, October 20, 2018 8:40 PM",,""
"007e503b-8f17-4856-a605-14bb97ead46e","Tuesday, October 16, 2018 4:29 PM","CLOSE","CLOSE-4K",,,false,,,,,,,,"cam@onetask.com.au","Wednesday, October 17, 2018 9:28 PM",,""
"007eab2f-892c-4787-ab61-0b63bd61ad5f","Thursday, October 18, 2018 1:23 PM","UPROAD","UPROAD-4K",,,false,false,,,,,,,"cam@onetask.com.au","Saturday, October 20, 2018 9:12 PM",,""
"007ebbe1-4228-4f51-aa57-afe18253a8bf","Wednesday, October 17, 2018 6:12 PM","CLOSE","CLOSE-4K",,,false,false,,,,,,,"cam@onetask.com.au","Friday, October 19, 2018 9:16 AM",,""
"00809ca4-5904-43ea-ae1f-df3082e34946","Tuesday, October 16, 2018 2:23 PM","CLOSE","CLOSE-4K",,,false,,,,,,,,"cam@onetask.com.au","Wednesday, October 17, 2018 4:23 PM",,""
"0080fc73-d6f0-4546-b3ab-fe0c86eae98f","Thursday, October 18, 2018 10:44 AM","UPROAD","UPROAD-4K",,,false,false,,,,,,,"cam@onetask.com.au","Saturday, October 20, 2018 8:24 PM",,""
"00812027-d27d-4bbf-9cf7-4eaac4b4aab2","Wednesday, October 17, 2018 6:55 PM","UPROAD","UPROAD-4K",,,false,false,,,,,,,"cam@onetask.com.au","Friday, October 19, 2018 6:29 PM",,""
"0081c232-1636-46e0-abaf-7a47e74dbdcb","Tuesday, October 16, 2018 11:57 AM","UPROAD","UPROAD-4K",,,false,,,,,,,,"alex@onetask.com.au","Wednesday, October 17, 2018 10:25 PM",,""
"00822e36-586f-4a48-88ee-e5746b782587","Wednesday, October 17, 2018 10:46 AM","UPROAD","UPROAD-4K",,,false,true,,,,,,,"cam@onetask.com.au","Friday, October 19, 2018 4:43 PM",,""
"0082985b-770b-4dcc-aef1-11a2ce0b5e99","Tuesday, October 16, 2018 11:21 AM","CLOSE","CLOSE-4K",,,false,,,,,,,,"cam@onetask.com.au","Wednesday, October 17, 2018 3:01 PM",,""
"0082ce00-cb88-4039-bef7-7145b5dccc01","Thursday, October 18, 2018 2:41 PM","UPROAD","UPROAD-4K",,,false,true,,,,,,,"cam@onetask.com.au","Saturday, October 20, 2018 9:30 PM",,""
"00831f96-ee46-406b-97a9-8b5aa51f9099","Wednesday, October 17, 2018 9:53 AM","UPROAD","UPROAD-4K",,,false,false,,,,,,,"cam@onetask.com.au","Friday, October 19, 2018 4:21 PM",,""
"00834c12-84b1-40ee-918c-21268867daeb","Tuesday, October 16, 2018 4:10 PM","CLOSE","CLOSE-4K",,,false,,,,,,,,"cam@onetask.com.au","Wednesday, October 17, 2018 9:17 PM",,""
"008495d4-6171-4e46-9e24-1aa9cd9891f3","Wednesday, October 17, 2018 6:29 PM","CLOSE","CLOSE-4K",,,false,false,,,,,,,"cam@onetask.com.au","Friday, October 19, 2018 9:21 AM",,""
"0085ef41-7920-4e41-b5d1-448f195cb8d2","Thursday, October 18, 2018 9:20 AM","CLOSE","CLOSE-4K",,,false,false,,,,,,,"cam@onetask.com.au","Saturday, October 20, 2018 1:04 PM",,""
"0088e644-a286-4506-96c8-a8fce17249de","Tuesday, October 16, 2018 7:54 AM","UPROAD","UPROAD-4K",,,false,,,,,,,,"alex@onetask.com.au","Wednesday, October 17, 2018 5:03 PM",,""
"008949f6-277f-4dc8-84d4-97d102f08f4e","Tuesday, October 16, 2018 11:05 AM","CLOSE","CLOSE-4K",,,false,,,,,,,,"cam@onetask.com.au","Wednesday, October 17, 2018 2:55 PM",,""
"008957f4-7c3b-4150-b141-39a674eb8d5e","Thursday, October 18, 2018 10:28 AM","CLOSE","CLOSE-4K",,,false,false,,,,,,,"cam@onetask.com.au","Saturday, October 20, 2018 1:18 PM",,""
"008b1d5d-a914-4dd0-acb0-b7ca18fbad82","Friday, October 19, 2018 8:31 PM","CLOSE","CLOSE-4K",,,false,false,,,,,,,"cam@onetask.com.au","Monday, October 22, 2018 10:52 AM",,""
"008dcfc0-8a6f-482b-8b9b-d90833540d92","Friday, October 19, 2018 8:45 PM","CLOSE","CLOSE-4K",,,false,false,,,,,,,"cam@onetask.com.au","Monday, October 22, 2018 10:55 AM",,""
"008e5434-1c0a-4364-9f7d-9ece4d3f8d80","Thursday, October 18, 2018 11:30 PM","UPROAD","UPROAD-4K",,,false,true,,,,,,,"jaycorichter@gmail.com","Sunday, October 21, 2018 11:28 PM",,""
"008ed9a0-4871-460e-8eb5-8b414db21466","Friday, October 19, 2018 8:23 PM","CLOSE","CLOSE-4K",,,false,false,,,,,,,"cam@onetask.com.au","Monday, October 22, 2018 10:50 AM",,""
"008fe406-2001-45a1-9473-fcf5380f24a3","Thursday, October 18, 2018 8:26 AM","CLOSE","CLOSE-4K",,,false,false,,,,,,,"cam@onetask.com.au","Saturday, October 20, 2018 12:46 PM",,""
"00915387-4b1e-4648-b150-fabe32744cc5","Thursday, October 18, 2018 3:18 PM","CLOSE","CLOSE-4K",,,false,true,,,,,,,"cam@onetask.com.au","Saturday, October 20, 2018 2:29 PM",,""
"009372e5-c7a4-427a-81fc-80b812d678cd","Tuesday, October 16, 2018 3:21 PM","UPROAD","UPROAD-4K",,,false,,,,,,,,"cam@onetask.com.au","Wednesday, October 17, 2018 11:35 PM",,""
"0095a3da-2041-45bd-925c-1f858fe38970","Tuesday, October 16, 2018 2:39 PM","CLOSE","CLOSE-4K",,,false,,,,,,,,"cam@onetask.com.au","Wednesday, October 17, 2018 8:41 PM",,""
"0096b126-10c7-43c5-a3f6-4e67420a4fc8","Tuesday, October 16, 2018 1:16 PM","UPROAD","UPROAD-4K",,,false,,,,,,,,"cam@onetask.com.au","Thursday, October 18, 2018 12:00 AM",,""
"0098b8c6-23bd-4582-8670-58ef23f6e0f5","Wednesday, October 17, 2018 1:26 PM","CLOSE","CLOSE-4K",,,false,false,,,,,,,"cam@onetask.com.au","Friday, October 19, 2018 8:14 AM",,""
"009af338-c9c5-4d5f-bb42-e7cfdb03782d","Thursday, October 18, 2018 10:37 AM","CLOSE","CLOSE-4K",,,false,true,,,,,,,"cam@onetask.com.au","Saturday, October 20, 2018 1:20 PM",,""
"009b4b68-c66e-421a-a828-c176c51f150c","Tuesday, October 16, 2018 11:19 AM","UPROAD","UPROAD-4K",,,false,,,,,,,,"alex@onetask.com.au","Wednesday, October 17, 2018 9:55 PM",,""
"009bb652-12a7-418d-b641-272ebec099c4","Thursday, October 18, 2018 3:15 PM","UPROAD","UPROAD-4K",,,false,true,,,,,,,"jaycorichter@gmail.com","Sunday, October 21, 2018 10:16 PM",,""
"009bd47d-91ca-4787-946f-6a9466f189b6","Tuesday, October 16, 2018 5:28 PM","CLOSE","CLOSE-4K",,,false,,,,,,,,"cam@onetask.com.au","Wednesday, October 17, 2018 10:17 PM",,""
"009bfae6-6f7c-4d7b-8ee6-38d73de59c53","Thursday, October 18, 2018 7:01 PM","CLOSE","CLOSE-4K",,,false,true,,,,,,,"cam@onetask.com.au","Saturday, October 20, 2018 3:15 PM",,""
"009c6b15-90e4-4c74-8e87-30236caeb89f","Tuesday, October 16, 2018 11:36 AM","UPROAD","UPROAD-4K",,,false,,,,,,,,"alex@onetask.com.au","Wednesday, October 17, 2018 10:09 PM",,""
"009d1503-b2b9-47d6-974d-c5074be9ca9c","Tuesday, October 16, 2018 3:00 PM","UPROAD","UPROAD-4K",,,false,,,,,,,,"cam@onetask.com.au","Wednesday, October 17, 2018 11:41 PM",,""
"009e5551-6ffd-4729-a9b9-21e277c61160","Thursday, October 18, 2018 9:04 AM","UPROAD","UPROAD-4K",,,false,false,,,,,,,"cam@onetask.com.au","Saturday, October 20, 2018 7:52 PM",,""
"009e9e87-c0e5-432e-8fdc-f93a2ddb273c","Thursday, October 18, 2018 3:47 PM","UPROAD","UPROAD-4K",,,false,false,,,,,,,"jaycorichter@gmail.com","Sunday, October 21, 2018 10:25 PM",,""
"009f38d2-c566-49ba-b946-26342c87063e","Tuesday, October 16, 2018 5:46 PM","UPROAD","UPROAD-4K",,,false,,,,,,,,"cam@onetask.com.au","Wednesday, October 17, 2018 10:32 PM",,""
"00a2ad30-295a-43ab-994e-8e6ff43da00b","Thursday, October 18, 2018 6:25 AM","CLOSE","CLOSE-4K",,,false,false,,,,,,,"cam@onetask.com.au","Saturday, October 20, 2018 12:15 PM",,""
"00a32cb2-7a82-4ea2-8fb0-80e47ca94510","Tuesday, October 16, 2018 4:50 PM","CLOSE","CLOSE-4K",,,false,,,,,,,,"cam@onetask.com.au","Wednesday, October 17, 2018 9:42 PM",,""
"00a3b482-ce1f-427b-a6bc-7a0edff0616c","Thursday, October 18, 2018 11:02 PM","CLOSE","CLOSE-4K",,,false,true,,,,,,,"cam@onetask.com.au","Saturday, October 20, 2018 3:29 PM",,""
"00a6214f-add9-449f-b22e-54997ca25eff","Wednesday, October 17, 2018 2:47 PM","UPROAD","UPROAD-4K",,,false,false,,,,,,,"cam@onetask.com.au","Friday, October 19, 2018 5:21 PM",,""
"00a76fa1-cba7-4b30-96b7-668ecd5affbf","Tuesday, October 16, 2018 5:05 PM","CLOSE","CLOSE-4K",,,false,,,,,,,,"cam@onetask.com.au","Wednesday, October 17, 2018 10:00 PM",,""
"00a781e8-ca2d-49a5-987a-c1276bf17b99","Thursday, October 18, 2018 3:52 PM","UPROAD","UPROAD-4K",,,false,false,,,,,,,"jaycorichter@gmail.com","Sunday, October 21, 2018 10:26 PM",,""
"00a788e1-52ef-4194-bd11-d7fefc0fdc23","Tuesday, October 16, 2018 11:17 AM","UPROAD","UPROAD-4K",,,false,,,,,,,,"alex@onetask.com.au","Wednesday, October 17, 2018 9:52 PM",,""
"00a859aa-9ee3-4a13-be1f-2f4504beeeff","Friday, October 19, 2018 6:15 PM","UPROAD","UPROAD-4K",,,false,false,,,,,,,"jaycorichter@gmail.com","Monday, October 22, 2018 11:56 AM",,""
"00a8e0dd-53c1-44c2-9e28-8cfaa0af9f8b","Wednesday, October 17, 2018 5:51 PM","UPROAD","UPROAD-4K",,,false,false,,,,,,,"cam@onetask.com.au","Friday, October 19, 2018 6:11 PM",,""
"00a9c89d-dd41-48bb-96c8-9776c480bb79","Friday, October 19, 2018 9:08 PM","UPROAD","UPROAD-4K",,,false,false,,,,,,,"jaycorichter@gmail.com","Monday, October 22, 2018 12:28 PM",,""
"00a9de81-c2ed-4092-b71b-d2e60ef32647","Thursday, October 18, 2018 7:16 PM","CLOSE","CLOSE-4K",,,false,false,,,,,,,"cam@onetask.com.au","Saturday, October 20, 2018 3:18 PM",,""
"00abc838-e64c-4b5f-85a8-0b36cc6f17f8","Tuesday, October 16, 2018 11:25 AM","UPROAD","UPROAD-4K",,,false,,,,,,,,"alex@onetask.com.au","Wednesday, October 17, 2018 10:03 PM",,""
"00ac1319-3b57-48f4-ac34-e05ccdc9a81b","Thursday, October 18, 2018 10:25 PM","UPROAD","UPROAD-4K",,,false,true,,,,,,,"jaycorichter@gmail.com","Sunday, October 21, 2018 11:18 PM",,""
"00ace1cd-94ef-40ff-81e7-2f76c7b9cd10","Thursday, October 18, 2018 1:28 PM","UPROAD","UPROAD-4K",,,false,false,,,,,,,"cam@onetask.com.au","Saturday, October 20, 2018 9:14 PM",,""
"00af46ef-812a-44c8-821e-ac939a4c05dd","Wednesday, October 17, 2018 4:08 PM","CLOSE","CLOSE-4K",,,false,false,,,,,,,"cam@onetask.com.au","Friday, October 19, 2018 8:40 AM",,""
"00b25744-35e1-4f50-8238-b79c5323bcf8","Wednesday, October 17, 2018 6:35 PM","UPROAD","UPROAD-4K",,,false,false,,,,,,,"cam@onetask.com.au","Friday, October 19, 2018 6:22 PM",,""
"00b42728-bbfa-4bd6-ab1c-39a63be12042","Tuesday, October 16, 2018 4:42 PM","UPROAD","UPROAD-4K",,,false,,,,,,,,"cam@onetask.com.au","Wednesday, October 17, 2018 11:09 PM",,""
"00b457b0-c247-49ea-9b8a-d28caea6d5b7","Tuesday, October 16, 2018 1:30 PM","UPROAD","UPROAD-4K",,,false,,,,,,,,"cam@onetask.com.au","Thursday, October 18, 2018 12:26 AM",,""
"00b4a744-0779-4082-9811-4c702ac41b50","Wednesday, October 17, 2018 1:03 PM","CLOSE","CLOSE-4K",,,false,false,,,,,,,"cam@onetask.com.au","Friday, October 19, 2018 8:05 AM",,""
"00b66a0e-919f-46b3-b532-8a0924eea648","Tuesday, October 16, 2018 5:48 AM","CLOSE","CLOSE-4K",,,false,,,,,,,,"cam@onetask.com.au","Wednesday, October 17, 2018 1:32 PM",,""
"00b6c7ef-ad0c-46e7-8b99-dba64f56ce5b","Wednesday, October 17, 2018 6:39 PM","UPROAD","UPROAD-4K",,,false,false,,,,,,,"cam@onetask.com.au","Friday, October 19, 2018 6:23 PM",,""
"00b6d615-3f17-46d8-b8d0-04e94e2f4075","Thursday, October 18, 2018 3:33 PM","UPROAD","UPROAD-4K",,,false,true,,,,,,,"jaycorichter@gmail.com","Sunday, October 21, 2018 10:20 PM",,""
"00b6f22b-a198-4ee1-84e4-e13b800f1eb6","Tuesday, October 16, 2018 5:15 PM","CLOSE","CLOSE-4K",,,false,,,,,,,,"cam@onetask.com.au","Wednesday, October 17, 2018 10:04 PM",,""
"00b864f1-9ae3-4b36-ae87-f3878834ab1f","Saturday, October 20, 2018 12:42 AM","UPROAD","UPROAD-4K",,,false,false,,,,,,,"jaycorichter@gmail.com","Monday, October 22, 2018 12:58 PM",,""
"00bc18b2-919a-4663-a66a-a8a209be218e","Wednesday, October 17, 2018 5:30 PM","CLOSE","CLOSE-4K",,,false,false,,,,,,,"cam@onetask.com.au","Friday, October 19, 2018 9:03 AM",,""
"00be585e-79b1-4cee-bff9-6ccc2b98c646","Wednesday, October 17, 2018 11:49 AM","UPROAD","UPROAD-4K",,,false,false,,,,,,,"cam@onetask.com.au","Friday, October 19, 2018 5:01 PM",,""
"00be619a-1549-44c4-9719-608dc00522f8","Tuesday, October 16, 2018 2:29 PM","UPROAD","UPROAD-4K",,,false,,,,,,,,"cam@onetask.com.au","Thursday, October 18, 2018 12:57 AM",,""
"00beb2ca-bc90-4f73-95db-0d8bc79b0898","Tuesday, October 16, 2018 12:26 PM","CLOSE","CLOSE-4K",,,false,,,,,,,,"cam@onetask.com.au","Wednesday, October 17, 2018 3:44 PM",,""
"00bf1583-4a46-408b-b38e-4bc8d9829ef0","Thursday, October 18, 2018 10:26 PM","UPROAD","UPROAD-4K",,,false,true,,,,,,,"jaycorichter@gmail.com","Sunday, October 21, 2018 11:18 PM",,""
"00bf92ca-29c4-40a0-b9fb-f18b3be88e54","Tuesday, October 16, 2018 11:25 AM","UPROAD","UPROAD-4K",,,false,,,,,,,,"alex@onetask.com.au","Wednesday, October 17, 2018 10:03 PM",,""
"00bf9524-57ab-48e1-a44f-0819c0800ab1","Thursday, October 18, 2018 3:10 PM","UPROAD","UPROAD-4K",,,false,true,,,,,,,"jaycorichter@gmail.com","Sunday, October 21, 2018 10:14 PM",,""
"00c2e88a-c456-40d0-93fa-88f5f8dd6c03","Thursday, October 18, 2018 10:01 AM","CLOSE","CLOSE-4K",,,false,false,,,,,,,"cam@onetask.com.au","Saturday, October 20, 2018 1:10 PM",,""
"00c4a0f2-5970-40a1-9e5a-ae950eed3896","Wednesday, October 17, 2018 9:22 PM","UPROAD","UPROAD-4K",,,false,false,,,,,,,"cam@onetask.com.au","Friday, October 19, 2018 6:43 PM",,""
"00c57506-614f-4a96-aef6-e9fef8054f7f","Thursday, October 18, 2018 6:27 AM","CLOSE","CLOSE-4K",,,false,true,,,,,,,"cam@onetask.com.au","Saturday, October 20, 2018 12:15 PM",,""
"00caac77-3037-48c6-b5b4-46c91d2551b3","Thursday, October 18, 2018 10:41 PM","UPROAD","UPROAD-4K",,,false,true,,,,,,,"jaycorichter@gmail.com","Sunday, October 21, 2018 11:21 PM",,""
"00cb2709-6451-452a-bde9-26165e83c8df","Tuesday, October 16, 2018 5:08 AM","CLOSE","CLOSE-4K",,,false,,,,,,,,"cam@onetask.com.au","Wednesday, October 17, 2018 1:22 PM",,""
"00cbbc5c-619f-426b-aa0e-edd87ff480ed","Tuesday, October 16, 2018 4:15 PM","CLOSE","CLOSE-4K",,,false,,,,,,,,"cam@onetask.com.au","Wednesday, October 17, 2018 9:21 PM",,""
"00cc6c2d-83ca-478a-9ef3-a9c7be65da83","Tuesday, October 16, 2018 5:34 AM","CLOSE","CLOSE-4K",,,false,,,,,,,,"cam@onetask.com.au","Wednesday, October 17, 2018 1:25 PM",,""
"00cc7d43-5db0-4980-809c-2bcf39912f33","Wednesday, October 17, 2018 7:54 AM","CLOSE","CLOSE-4K",,,false,false,,,,,,,"cam@onetask.com.au","Friday, October 19, 2018 5:24 AM",,""
"00cde08b-0819-42a4-af49-8972d665cd4a","Thursday, October 18, 2018 7:46 AM","CLOSE","CLOSE-4K",,,false,false,,,,,,,"cam@onetask.com.au","Saturday, October 20, 2018 12:36 PM",,""
"00cdec68-3a75-4a75-a079-6b18ee4ff192","Thursday, October 18, 2018 4:32 PM","CLOSE","CLOSE-4K",,,false,true,,,,,,,"cam@onetask.com.au","Saturday, October 20, 2018 2:43 PM",,""
"00ce0d2a-9f57-4de7-bd1a-eb836b7b05aa","Friday, October 19, 2018 6:05 PM","UPROAD","UPROAD-4K",,,false,false,,,,,,,"jaycorichter@gmail.com","Monday, October 22, 2018 11:53 AM",,""